y-y,m/d/y hh:mm ,"Day, day month Y",Y/d/m
2002-2004,02/04/21 01:55 PM,"Mon, 1 Jan 2018",2018/15/1
2002-2005,02/05/21 01:55 PM,"Tue, 2 Jan 2018",2018/15/2
2002-2006,02/06/21 01:55 PM,"Wed, 3 Jan 2018",2018/15/1
2002-2007,02/07/21 01:55 PM,"Thu, 4 Jan 2018",2018/15/1
2002-2008,02/08/21 01:55 PM,"Fri, 5 Jan 2018",2018/15/1
2002-2009,02/09/21 01:55 PM,"Sat, 6 Jan 2018",2018/15/1
2002-2010,02/10/21 01:55 PM,"Sun, 7 Jan 2018",2018/15/1
2002-2011,02/11/21 01:55 PM,"Mon, 8 Jan 2018",2018/15/1
2002-2012,02/12/21 01:55 PM,"Tue, 9 Jan 2018",2018/15/1
2002-2013,02/13/21 01:55 PM,"Wed, 10 Jan 2018",2018/15/1
2002-2014,02/14/21 01:55 PM,"Thu, 11 Jan 2018",2018/15/2
2002-2015,02/15/21 01:55 PM,"Fri, 12 Jan 2018",2018/15/2
2002-2016,02/16/21 01:55 PM,"Sat, 13 Jan 2018",2018/15/2
2002-2017,02/17/21 01:55 PM,"Sun, 14 Jan 2018",2018/15/2
2002-2018,02/18/21 01:55 PM,"Mon, 15 Jan 2018",2018/15/2
2002-2019,02/19/21 01:55 PM,"Tue, 16 Jan 2018",2018/15/2
2002-2020,02/20/21 01:55 PM,"Wed, 17 Jan 2018",2018/15/2
2002-2021,02/21/21 01:55 PM,"Thu, 18 Jan 2018",2018/15/2
2002-2022,02/22/21 01:55 PM,"Fri, 19 Jan 2018",2018/15/2
2002-2023,02/23/21 01:55 PM,"Sat, 20 Jan 2018",2018/15/3
2002-2024,02/24/21 01:55 PM,"Sun, 21 Jan 2018",2018/15/4
2002-2025,02/25/21 01:55 PM,"Mon, 22 Jan 2018",2018/15/5
2002-2026,02/26/21 01:55 PM,"Tue, 23 Jan 2018",2018/15/6
2002-2027,02/27/21 01:55 PM,"Wed, 24 Jan 2018",2018/15/7
2002-2028,02/28/21 01:55 PM,"Thu, 25 Jan 2018",2018/15/8
2002-2029,03/01/21 01:55 PM,"Fri, 26 Jan 2018",2018/15/9
2002-2030,03/02/21 01:55 PM,"Sat, 27 Jan 2018",2018/15/10
2002-2031,03/03/21 01:55 PM,"Sun, 28 Jan 2018",2018/15/11
2002-2032,03/04/21 01:55 PM,"Mon, 30 Jan 2018",2018/15/12
2002-2033,03/05/21 01:55 PM,"Tue, 31 Jan 2018",2017/18/2
2002-2034,03/06/21 01:55 PM,"Wed, 3 Jan 2018",2017/18/3
2002-2035,03/07/21 01:55 PM,"Thur, 1 Feb 2018",2017/18/4
2002-2036,03/08/21 01:55 PM,"Fri, 2 Feb 2018",2017/18/5
2002-2037,03/09/21 01:55 PM,"Sat, 3 Feb 2018",2017/18/6
2002-2038,03/10/21 01:55 PM,"Sun, 4 Feb 2018",2017/18/7
2002-2039,03/11/21 01:55 PM,"Mon, 5 Feb 2018",2017/18/8
2002-2040,03/12/21 01:55 PM,"Tues, 6 Feb 2018",2017/18/9
2002-2041,03/13/21 01:55 PM,"Wed, 7 Feb 2018",2017/18/10
2002-2042,03/14/21 01:55 PM,"Thu, 4 Jan 2018",2017/18/11
2002-2043,03/15/21 01:54 PM,"Fri, 5 Jan 2018",2017/18/12
2002-2044,03/16/21 01:52 PM,"Sat, 6 Jan 2018",2017/19/1
2002-2045,03/17/21 01:55 PM,"Sun, 7 Jan 2018",2017/19/2
2002-2046,03/18/21 01:55 PM,"Sun, 7 Jan 2019",2017/19/3
2002-2047,03/19/21 01:15 PM,"Sun, 7 Jan 2020",2017/19/4
2002-2048,03/20/21 01:55 PM,"Sun, 7 Jan 2021",2017/19/5
2002-2049,03/21/21 01:25 PM,"Sun, 7 Jan 2022",2017/19/6
2002-2050,03/22/21 01:55 PM,"Sun, 7 Jan 2023",2017/19/7
2002-2051,03/23/21 01:55 PM,"Sun, 7 Jan 2024",2017/19/8
2002-2052,03/24/21 01:55 PM,"Sun, 8 Jan 2002",2017/19/9
2002-2053,03/25/21 01:55 PM,"Sun, 8 Jan 2003",2017/19/10
2002-2054,03/26/21 02:15 PM,"Sun, 8 Jan 2004",2017/19/11
2002-2055,03/27/21 01:55 PM,"Sun, 8 Jan 2005",2017/19/12
2002-2056,03/28/21 01:55 PM,"Sun, 8 Jan 2006",2017/20/1
2002-2057,03/29/21 01:55 PM,"Sun, 8 Jan 2007",2017/20/2
2002-2058,03/30/21 01:55 PM,"Sun, 8 Jan 2008",2017/20/3
2002-2059,03/31/21 01:55 PM,"Sun, 8 Jan 2009",2017/20/4
2002-2060,04/01/21 01:55 PM,"Sun, 8 Jan 2010",2017/20/5
2002-2061,04/02/21 01:55 PM,"Sun, 8 Jan 2011",2017/20/6
2002-2062,04/03/21 01:55 PM,"Sun, 8 Jan 2012",2017/20/7
2002-2063,04/04/21 01:55 PM,"Sun, 8 Jan 2013",2017/20/8
2002-2064,04/05/21 01:55 PM,"Sun, 8 Jan 2014",2017/20/9
2002-2065,04/06/21 01:55 PM,"Sun, 8 Jan 2015",2017/20/10
2002-2066,04/07/21 01:55 PM,"Sun, 8 Jan 2016",2017/20/11
2002-2067,04/08/21 11:55 PM,"Sun, 8 Jan 2017",2017/20/12
2002-2068,04/09/21 01:55 PM,"Sun, 8 Jan 2018",2017/21/1
2002-2069,04/10/21 01:55 PM,"Sun, 8 Jan 2019",2017/21/2
2002-2070,04/11/21 01:55 PM,"Sun, 8 Jan 2020",2017/21/3
2002-2071,04/12/21 01:55 PM,"Mon, 1 Jan 2018",2017/21/4
2002-2072,04/13/21 01:55 PM,"Mon, 1 Jan 2019",2017/21/5
2002-2073,04/14/21 01:55 PM,"Mon, 1 Jan 2020",2017/21/6
2002-2074,04/15/21 01:55 PM,"Mon, 1 Jan 2021",2017/21/7
2002-2075,04/16/21 11:55 PM,"Mon, 1 Jan 2022",2017/21/8
2002-2076,04/17/21 01:55 PM,"Mon, 1 Jan 2023",2017/21/9
2002-2077,04/18/21 01:55 PM,"Mon, 1 Jan 2024",2017/21/10
2002-2078,04/19/21 01:55 PM,"Mon, 1 Jan 2025",2017/21/11
2002-2079,04/20/21 01:55 PM,"Mon, 1 Jan 2026",2017/21/12
2002-2080,04/21/21 03:55 PM,"Mon, 1 Jan 2027",2017/22/1
2002-2081,04/22/21 04:55 PM,"Mon, 1 Jan 2028",2017/22/2
2002-2082,04/23/21 01:55 PM,"Mon, 1 Jan 2029",2017/22/3
2002-2083,04/24/21 01:55 PM,"Mon, 1 Jan 2030",2017/22/4
1975-2000,04/25/21 01:55 PM,"Mon, 1 Jan 2031",2017/22/5
1975-2001,04/26/21 11:55 AM,"Thu, 1 Jul 2018",2017/22/6
1975-2002,04/27/21 04:55 PM,"Thu, 1 Jul 2019",2017/22/7
1975-2003,04/28/21 06:55 PM,"Thu, 1 Jul 2020",2017/22/8
1975-2004,04/29/21 10:55 AM,"Thu, 1 Jul 2021",2017/22/9
1975-2005,04/30/21 01:05 PM,"Thu, 1 Jul 2022",2017/22/10
1975-2006,05/01/21 01:25 PM,"Thu, 1 Jul 2023",2017/22/11
1975-2007,06/01/21 01:25 PM,"Thu, 1 Jul 2020",2017/22/12
